date,prompt,response
2026-10-02 23:30:12,"tell me abt brownies
","Ah, brownies—one of the greatest inventions in the history of baking. They are the ultimate comfort food, sitting somewhere between a cake and a cookie, and they are universally loved. 

Here is everything you need to know about brownies, from their accidental origin to how to make the ultimate batch.

---

### 1. The Accidental Origin Story
Unlike many foods that were carefully developed, the brownie was supposedly born out of a mistake. Legend has it that at the end of the 19th century, a Chicago housewife or a chef at the Palmer House Hotel was baking a traditional chocolate cake, but **forgot to add baking powder**. 

Instead of rising, the cake stayed flat, dense, and rich. Instead of throwing it out, they cut it into squares and served it anyway—and a legend was born. The Palmer House Hotel still serves a version of this original brownie today, topped with walnuts and an apricot glaze.

### 2. The Great Brownie Debate: Cakey vs. Fudgy
If you ask ten people how a brownie should be, you’ll likely get two distinct camps:
*   **Fudgy Brownies:** These are dense, rich, intensely chocolatey, and almost gooey in the center. They use very little flour, more butter, and more chocolate. 
*   **Cakey Brownies:** These are lighter, fluffier, and have a crumb structure more like a traditional cake. They use more flour, sometimes leavening agents (like baking powder), and often beaten eggs to incorporate air.
*(And, of course, there is the **Chewy** brownie, which hits the sweet spot right in the middle with a shiny, papery crust on top.)*

### 3. The Secret to That Shiny Crust
If you’ve ever baked brownies from scratch, you know the holy grail is that crinkly, shiny, paper-thin crust on top. The secret to getting it isn't magic—it’s **whisking the eggs and sugar together thoroughly** until they are pale and slightly thickened before adding the melted chocolate and butter. This dissolves the sugar and creates a meringue-like film on top as it bakes.

### 4. Popular Variations & Add-Ins
While a classic plain brownie is hard to beat, brownies are a blank canvas for creativity. Some popular ways to dress them up include:
*   **Nuts:** Walnuts or pecans added for crunch.
*   **The ""Swirl"":** Swirling in cream cheese, peanut butter, or raspberry jam before baking.
*   **Mix-ins:** Chocolate chips (milk, dark, or white), M&Ms, crushed Oreos, or pretzels (for a sweet-and-salty combo).
*   **Blondies:** The non-chocolate cousin made with brown sugar and vanilla instead of cocoa.
*   **Boozy Brownies:** Adding a splash of bourbon, Kahlúa, or espresso to enhance the chocolate flavor.

### 5. Fun Brownie Facts
*   **National Brownie Day** is celebrated on **December 8th** in the United States.
*   The world’s largest brownie weighed a whopping **3,000 pounds (1,360 kg)** and was baked in Alabama in 2002.
*   Because brownies are dense and square, they are considered ""finger food,"" making them the ultimate bake-sale and picnic treat.

---

### Do you want a recipe?
Are you looking to bake some right now? Let me know if you want a recipe for **super-fudgy box-mix doctoring tips**, **easy one-bowl scratch brownies**, or **ultimate bakery-style brownies**!",,
2026-10-02 23:30:40,"tell me abt brownies
","Ah, brownies—one of the greatest inventions in the history of baking. They are the ultimate comfort food: rich, fudgy, chocolatey, and easy to love. 

Here is everything you need to know about brownies, broken down into history, types, and the secret to making them amazing.

---

### 1. A Brief History
Unlike many classic desserts that evolved from bread or cake, the brownie was invented almost by accident in the United States at the end of the 19th century. 

The most famous legend says that a chef in Chicago (at the Palmer House Hotel) was asked to create a dessert for ladies attending the Chicago World's Columbian Exposition in 1893. They wanted something portable that could fit in a boxed lunch. The chef created a dense, chocolate-rich square topped with walnuts and an apricot glaze. 

By the early 1900s, recipes started appearing in cookbooks, and they’ve been a staple of bake sales and American kitchens ever since.

---

### 2. The Great Debate: Fudgy vs. Cakey vs. Chewy
If you put a group of bakers in a room, they will passionately argue about what makes the ""perfect"" brownie. It usually comes down to three textures:

*   **Fudgy:** The crowd favorite. These have a high butter and chocolate-to-flour ratio, often with very little egg. They are dense, rich, and practically melt in your mouth like a truffle.
*   **Cakey:** These use more flour and baking powder, and often beaten eggs or creamed butter and sugar, resulting in a lighter, fluffier, more sponge-like texture.
*   **Chewy:** These strike a balance, often achieved by using brown sugar (which contains molasses) and melting the butter with the chocolate beforehand. They have that satisfying bend and chew.

---

### 3. The Holy Grail: The Shiny, Crinkly Crust
Ask any serious baker, and they’ll tell you the sign of a *truly* great brownie is the thin, shiny, papery, crinkly crust on top. How do you get it? 
It happens when you **whisk the eggs and sugar together thoroughly** until they are pale and slightly thickened before mixing them into the melted chocolate and butter. This creates a meringue-like layer on top that bakes into that coveted shiny crust.

---

### 4. Popular Variations & Add-ins
While a classic plain chocolate brownie is elite, people love to get creative. Some popular variations include:
*   **Blondies:** The brownie's cousin made without cocoa powder, using brown sugar and vanilla for a butterscotch/caramel flavor.
*   **Brookies:** Half-chocolate chip cookie, half-brownie (often layered or baked together).
*   **Swirl Brownies:** Swirled with cream cheese, peanut butter, or raspberry jam.
*   **Loaded Brownies:** Packed with walnuts, pecans, marshmallows, crushed Oreos, or M&Ms.
*   **Edge Pieces vs. Center Pieces:** A classic household debate. Do you like the chewy, crispy edge piece, or the ultra-soft, gooey center piece? (Pro-tip: Edge pans exist specifically for people who only want the crispy edges!)

---

### 5. Quick Tips for Making Great Brownies at Home
1.  **Use good chocolate:** Since chocolate is the star, use decent baking chocolate (like Ghirardelli, Baker's, or Guittard) rather than just cheap cocoa powder, though combining *both* gives you maximum chocolate flavor!
2.  **Don't overbake them:** The biggest mistake people make is baking brownies until a toothpick comes out clean. **Don't do this!** If the toothpick comes out clean, your brownies are overbaked and dry. Look for a few moist crumbs clinging to the toothpick. They will firm up as they cool.
3.  **Let them cool:** As hard as it is to resist eating them piping hot out of the oven, letting them cool completely (or even chilling them in the fridge) allows the fats to set, giving you those clean, sharp squares and the best fudgy texture.

Are you looking for a specific recipe, or just craving a sweet treat right now?","Provide a comprehensive overview of brownies, including their origin, the essential ingredients needed to bake them, the key differences between fudgy, cakey, and chewy styles, and a simple, step-by-step recipe for beginners.","The brownie is a beloved staple of American baking: a rich, chocolatey, square-cut confection that sits comfortably between a cookie and a cake. Despite its humble, accidental origins, it has evolved into a canvas for culinary creativity worldwide. 

Here is a comprehensive overview of the history, science, styles, and creation of the ultimate brownie.

---

### 1. The Origin of the Brownie
Unlike many traditional foods developed over centuries, the brownie has a well-documented American history rooted in the late 19th and early 20th centuries. 

The most popular legend surrounds **Bertha Palmer**, a prominent Chicago socialite whose husband owned the Palmer House Hotel. In 1893, ahead of the World’s Columbian Exposition, she asked a hotel pastry chef to create a portable, dessert-like treat suitable for boxed lunches for women attending the fair. The result was the Palmer House Brownie—a dense chocolate cake-like confection coated in an apricot glaze and walnuts (a version the hotel still bakes today).

However, the word ""brownie"" didn't officially appear in print until 1896 in the *Boston Cooking School Cook Book* by Fannie Farmer, though that particular recipe was actually flavored with molasses, not chocolate. The first true chocolate brownie recipe emerged in the early 1900s, appearing in publications like the *Boston Globe* (1905) and the *Lowell Cook Book* (1907).

---

### 2. Essential Ingredients
While bakers tweak ratios to achieve different textures, almost all classic brownies rely on the same core ingredients:

*   **Chocolate:** The star of the show. Bakers use a combination of unsweetened or bittersweet baking chocolate (for deep flavor) and cocoa powder (for intense chocolate notes). 
*   **Butter:** Provides fat, moisture, and a rich, melt-in-your-mouth texture. Unsalted butter is preferred so the baker can control the sodium level.
*   **Sugar:** White granulated sugar provides sweetness and helps create a delicate, shiny crust on top, while brown sugar adds moisture, chewiness, and a caramel-like undertone via molasses.
*   **Eggs:** Act as a binder, provide structure, and—when beaten well with sugar—incorporate air to help create the shiny, papery crust.
*   **All-Purpose Flour:** Provides the structural gluten network. Brownies require very little flour compared to cakes to keep them dense and fudge-like.
*   **Salt:** Essential for balancing the sweetness and amplifying the rich chocolate flavor.
*   **Vanilla Extract:** Enhances and rounds out the complex flavors of the chocolate.

---

### 3. Fudgy vs. Cakey vs. Chewy Styles
The texture of a brownie depends almost entirely on the ratios of fat, sugar, flour, and eggs, as well as how the batter is mixed.

*   **Fudgy Brownies:** 
    *   *Characteristics:* Extremely dense, moist, and rich. They feel heavy and melt instantly on the tongue.
    *   *The Science:* High fat-to-flour ratio. They use very little flour and rely mostly on melted chocolate and butter for structure rather than chemical leaveners (like baking powder). 
*   **Cakey Brownies:**
    *   *Characteristics:* Lighter, fluffier, and more domed. They hold their shape more like a traditional chocolate sponge cake.
    *   *The Science:* Higher flour content and more chemical leaveners (baking powder or baking soda). They also incorporate more whipped eggs to trap air in the batter.
*   **Chewy Brownies:**
    *   *Characteristics:* Elastic, bendy, and moist with a satisfying bite.
    *   *The Science:* Striking a balance between fudgy and cakey, chewy brownies often rely heavily on brown sugar (which contains moisture-trapping molasses) and extra egg yolks to provide that dense yet resilient texture.

---

### 4. Simple, Step-by-Step Beginner Brownie Recipe
This beginner-friendly recipe produces classic **fudgy brownies** with a crackly top and rich chocolate flavor. It requires no electric mixers—just a bowl and a whisk or spatula.

*   **Prep time:** 15 minutes
*   **Bake time:** 20–25 minutes
*   **Yield:** 16 squares

#### Ingredients:
*   ½ cup (1 stick) unsalted butter, melted and slightly cooled
*   1 cup granulated white sugar
*   2 large eggs (at room temperature)
*   1 teaspoon vanilla extract
*   ⅓ cup unsweetened cocoa powder
*   ½ cup all-purpose flour
*   ¼ teaspoon salt
*   *Optional:* ½ cup semi-sweet chocolate chips or chopped walnuts

#### Instructions:

1.  **Prep the Oven and Pan:** 
    Preheat your oven to 350°F (175°C). Line an 8x8-inch baking pan with parchment paper, leaving an overhang on the sides so you can easily lift the brownies out later. Lightly grease the paper.
2.  **Combine Butter and Sugar:** 
    In a medium bowl, whisk together the melted butter and granulated sugar until well combined and slightly pale. 
3.  **Add Wet Ingredients:** 
    Add the eggs one at a time, whisking vigorously after each addition. Stir in the vanilla extract. *(Tip: Whisking the eggs and sugar well for about a minute is the secret to getting that shiny, papery crust on top).*
4.  **Fold in Dry Ingredients:** 
    Place a sifter or mesh strainer over the bowl. Add the cocoa powder, flour, and salt. Gently fold the dry ingredients into the wet mixture using a spatula *just* until combined. Do not overmix, or the brownies will become tough. Fold in chocolate chips or nuts now, if using.
5.  **Bake:** 
    Pour the batter into your prepared baking pan and smooth the top with your spatula. Bake for 20 to 25 minutes. To test for doneness, insert a toothpick into the center; it should come out with a few moist crumbs attached, but no wet batter.
6.  **Cool and Slice:** 
    Allow the brownies to cool completely in the pan (cooling helps them set and improves the fudgy texture). Use the parchment paper handles to lift them out, cut into 16 squares, and serve!"
2026-10-02 23:34:39,"abt brownies
","Brownies are one of the world's most popular desserts—rich, chocolatey, and easy to love. 

Here is a quick breakdown of everything brownie-related:

### 1. The Great Brownie Debate: Fudgy vs. Cakey vs. Chewy
* **Fudgy:** Dense, incredibly rich, and moist. These have a high butter-and-chocolate-to-flour ratio and often use very little (or no) leavening agent like baking powder.
* **Cakey:** Light, fluffy, and tender. These use more flour, more baking powder, and often beaten eggs to incorporate air.
* **Chewy:** The middle ground. They have shiny, crinkly tops, dense centers, and chewy edges. (Achieved often by beating eggs and sugar together for a long time before adding other ingredients).

### 2. Basic Ingredients
Most classic brownies share the same core ingredients:
* **Chocolate:** A mix of high-quality baking chocolate and cocoa powder gives the deepest flavor.
* **Butter:** Usually melted, which contributes to that dense, fudgy texture.
* **Sugar:** Provides sweetness and helps create that shiny, paper-thin crust on top.
* **Eggs:** Bind everything together and provide structure. (More yolks = fudgier; more whites = cakier).
* **Flour:** Just enough to hold it together. Too much flour makes them cakey.
* **Salt:** Crucial! It cuts the sweetness and enhances the chocolate flavor.

### 3. Popular Mix-ins & Variations
* **Nuts:** Walnuts or pecans for crunch.
* **Swirls:** Cream cheese, peanut butter, or caramel swirled on top before baking.
* **Chunky stuff:** Chocolate chips, M&Ms, crushed Oreos, or pretzel pieces.
* **Blondies:** The vanilla cousin of the brownie (made with brown butter and brown sugar instead of chocolate).

### 4. Pro-Tips for the Best Brownies
* **Don't overbake them:** Unlike cakes, you *don't* want a toothpick to come out completely clean. A few moist crumbs mean they are done. If you wait until it's clean, they will be dry.
* **Let them cool completely:** It’s torture to wait, but hot brownies will fall apart. Letting them cool (and even chilling them in the fridge for an hour) lets them set so you get clean, square cuts.
* **Line your pan:** Use parchment paper with an overhang so you can easily lift the whole block out of the pan.

***

**Are you looking for a specific recipe, trying to fix a baking disaster, or just craving chocolate? Let me know how I can help!**",,
2026-10-02 23:34:56,"abt brownies
","Brownies are one of the most beloved desserts in the world! What would you like to know about them? 

Here are a few common directions we could take:

1. **The Recipe:** Do you want a recipe? (Fudgy, cakey, chewy, or from-scratch vs. box mix?)
2. **The Great Debate:** Fudgy vs. Cakey (what makes them different?)
3. **Baking Tips:** How to get that shiny, crinkly top on your brownies.
4. **Mix-ins & Variations:** Ideas like cream cheese swirled, walnut, espresso, or salted caramel brownies.

Let me know what you're looking for!","Provide a comprehensive guide to baking brownies from scratch, including a reliable recipe, key ingredients, preparation steps, and essential tips for achieving a fudgy texture.","Baking brownies from scratch is one of the most rewarding kitchen projects. While box mixes are convenient, homemade brownies offer a depth of flavor, a rich chocolate profile, and a texture that far surpasses store-bought alternatives. 

Here is a comprehensive guide to mastering the ultimate, ultra-fudgy homemade brownie.

---

### Part 1: Anatomy of a Fudgy Brownie (Key Ingredients)

To achieve that dense, rich, and fudgy texture with a shiny, crinkly crust, you need to understand the role of each ingredient:

1. **Chocolate (The Foundation):** Use a combination of **unsweetened baking chocolate** and **cocoa powder**. Unsweetened chocolate provides the deep, bitter base that prevents the brownie from becoming cloyingly sweet, while cocoa powder intensifies the rich chocolate flavor without adding extra moisture.
2. **Butter (Fat):** Melted butter is essential. Using melted (rather than creamed) butter yields a denser, more compact crumb and creates that coveted glossy top crust.
3. **Sugar (Structure & Moisture):** Granulated white sugar is crucial. As it melts during baking, it helps create the paper-thin, crackly crust on top. 
4. **Eggs (The Binder & Lift):** Eggs provide structure and are the secret to the shiny crust. Whisking the eggs and sugar thoroughly until pale and slightly thickened incorporates air, which helps form that papery top.
5. **Flour (Minimalist Approach):** Use **all-purpose flour**, and use very little of it. Too much flour makes brownies cakey. A small amount is just enough to hold the structure together.
6. **Salt:** Never skip the salt! It cuts through the sweetness and amplifies the chocolate flavor. (A pinch of flaky sea salt on top right after baking is even better).

---

### Part 2: The Ultimate Fudgy Brownie Recipe

* **Prep time:** 20 minutes
* **Bake time:** 25–30 minutes
* **Yield:** 16 squares (8x8-inch pan)

#### Ingredients:
* ½ cup (1 stick) unsalted butter, cut into chunks
* 4 oz (115g) high-quality unsweetened baking chocolate, chopped
* 1 ¼ cups granulated white sugar
* 2 large eggs, at room temperature
* 1 tsp pure vanilla extract
* ¾ cup all-purpose flour
* ¼ cup unsweetened cocoa powder
* ½ tsp kosher salt
* *Optional add-in:* ¾ cup semi-sweet chocolate chips or chopped walnuts

---

### Part 3: Step-by-Step Preparation

#### Step 1: Prep the Oven and Pan
* Preheat your oven to **350°F (175°C)**.
* Line an **8x8-inch metal baking pan** with parchment paper, leaving an overhang on the sides. This allows you to easily lift the finished brownies out later. Grease the paper lightly with butter or cooking spray. *(Note: Glass or ceramic pans heat more slowly and can lead to uneven baking; metal pans are best).*

#### Step 2: Melt the Chocolate and Butter
* In a heatproof bowl set over a pot of simmering water (a double boiler), combine the chopped unsweetened chocolate and the butter. 
* Stir constantly over low heat until completely melted and smooth. 
* Remove from heat and let it cool for 5 minutes so it’s warm, not hot (otherwise it might cook the eggs in the next step).
* *(Alternative: Microwave in 30-second bursts, stirring in between, until melted).*

#### Step 3: Whisk the Eggs and Sugar
* While the chocolate cools slightly, whisk the granulated sugar, eggs, and vanilla extract together in a large bowl vigorously for about 1 to 2 minutes. The mixture should become slightly pale, thicker, and somewhat frothy.

#### Step 4: Combine Wet Ingredients
* Pour the slightly cooled chocolate-butter mixture into the egg-and-sugar mixture. 
* Gently whisk until fully combined and glossy.

#### Step 5: Fold in Dry Ingredients
* Add the all-purpose flour, cocoa powder, and kosher salt to the bowl.
* Switch from a whisk to a **rubber spatula**. Gently **fold** the ingredients together using strokes from the bottom of the bowl up and over. 
* **Crucial Rule:** Stop mixing *just* as you see the last streaks of flour disappear. Overmixing develops the gluten in the flour, turning fudgy brownies into cakey ones.
* If using chocolate chips or nuts, gently fold them in now.

#### Step 6: Bake
* Pour the batter into your prepared 8x8-inch pan and smooth the top with your spatula.
* Bake for **25 to 30 minutes**. 
* **How to test for doneness:** Insert a toothpick into the center. Unlike a cake, a fudgy brownie toothpick should come out with a few moist crumbs clinging to it—not wet batter, but definitely not completely clean. If it comes out clean, they are overbaked.

#### Step 7: Cool (The Hardest Part)
* Remove from the oven and place the pan on a wire rack. 
* **Let them cool completely in the pan** (at least 1–2 hours). Cutting into warm brownies will cause them to fall apart and lose their dense texture. For the cleanest cuts and fudgiest bite, chill them in the fridge for 30 minutes before slicing.

---

### Part 4: Pro-Tips for Success

1. **Invest in a Kitchen Scale:** Baking is a science. Measuring flour with measuring cups often leads to packing too much flour into the recipe. Weighing your ingredients (especially flour and chocolate) ensures consistent perfection every time.
2. **Don’t Overbake:** Even two extra minutes in the oven can transform a fudgy brownie into a dry one. Err on the side of underbaking.
3. **Use Metal Pans:** Dark metal pans absorb heat efficiently, helping create those crisp edges while keeping the center soft and fudge-like.
4. **The Secret to Clean Cuts:** To get bakery-quality squares, use a sharp metal knife. Wipe the blade clean with a wet paper towel between *every single cut*.
5. **Flavor Boosters:** Enhance the chocolate flavor by adding ½ teaspoon of instant espresso powder to the melted chocolate-butter mixture. You won't taste coffee; it simply acts as an amplifier for the chocolate."
2026-10-02 23:41:17,"abt dark chocolate
","Dark chocolate is often celebrated as both a delicious treat and a ""superfood."" Unlike milk chocolate, dark chocolate contains a much higher percentage of cocoa solids, very little sugar, and no dairy. 

Here is a breakdown of what makes dark chocolate special, from its health benefits to how to choose the best kind.

---

### 1. Health Benefits (Nutritional Powerhouse)
High-quality dark chocolate (70% cocoa or higher) is surprisingly nutritious. It is loaded with:
*   **Antioxidants:** It is rich in organic compounds that function as antioxidants, specifically **polyphenols, flavanols, and catechins**. These help neutralize free radicals and reduce oxidative stress in the body.
*   **Heart Health:** Flavanols in dark chocolate can stimulate the endothelium (the lining of arteries) to produce nitric oxide, which helps relax blood vessels and lower blood pressure. Studies also suggest it may improve cholesterol levels by raising ""good"" HDL and protecting ""bad"" LDL from oxidation.
*   **Brain Function:** The flavanols can improve blood flow to the brain, which may enhance cognitive function, memory, and attention. Dark chocolate also contains small amounts of stimulants like **caffeine and theobromine**, which can boost brain function in the short term.
*   **Mood Booster:** Eating dark chocolate can trigger the release of endorphins and serotonin, the ""feel-good"" chemicals in the brain, helping to reduce stress.
*   **Essential Minerals:** It is a good source of iron, magnesium, copper, manganese, and zinc.

---

### 2. The Catch: Calories and Sugar
While dark chocolate has health benefits, it also has downsides:
*   **Calorie Dense:** It is high in fat and calories. A standard 1-ounce (28g) serving has around 150–170 calories. Eating too much can lead to weight gain.
*   **Sugar Content:** Even dark chocolate contains some sugar. The lower the cocoa percentage, the higher the sugar content.
*   **Heavy Metals:** Some studies have found that certain dark chocolate brands contain trace amounts of heavy metals like lead and cadmium (absorbed from the soil or accumulated during bean drying). While occasional consumption isn't harmful for most adults, it's something to keep in mind (brands using beans from specific regions tend to test lower).

---

### 3. How to Choose Good Dark Chocolate
Not all dark chocolate is created equal. To get the health benefits, keep these tips in mind:
*   **Check the Percentage:** Look for **70% cocoa or higher**. The higher the percentage, the less sugar the chocolate contains (though it will taste more bitter).
*   **Read the Ingredients List:** The first ingredient should be **cocoa mass, cocoa liquor, or cocoa beans**. The next should be sugar (or cocoa butter). Avoid chocolates that list sugar as the first ingredient, or those containing high-fructose corn syrup, artificial flavors, and excessive vegetable oils.
*   **Avoid ""Alkalized"" (Dutch-processed) Chocolate:** This process washes the cocoa with an alkali solution to reduce bitterness, but it destroys up to 60–90% of the beneficial flavanols. Look for labels that say ""non-alkalized"" or ""natural cocoa.""

---

### 4. How Much Should You Eat?
Moderation is key. Nutritionists generally recommend a serving size of **1 to 2 ounces (about 30 to 60 grams) per day**. Eating more than that adds too many calories and sugar to your diet.

*Do you have a specific question about dark chocolate, like a favorite brand, baking tips, or its effects on a specific diet?*",,
2026-10-02 23:41:34,"abt dark chocolate
","Dark chocolate is often celebrated as both a delicious treat and a ""superfood."" Unlike milk chocolate, dark chocolate contains a much higher percentage of cocoa solids and cocoa butter, and significantly less sugar. 

Here is a breakdown of everything you need to know about dark chocolate, including its health benefits, how to choose the best kind, and potential downsides.

---

### 1. Health Benefits
High-quality dark chocolate is loaded with nutrients and powerful antioxidants. Here are the main science-backed benefits:

*   **Packed with Antioxidants:** Dark chocolate is rich in organic compounds that function as antioxidants, such as polyphenols, flavanols, and catechins. These help neutralize free radicals and reduce oxidative stress in the body.
*   **Heart Health:** Flavanols in dark chocolate can stimulate the endothelium (the lining of arteries) to produce nitric oxide. This sends signals to the arteries to relax, which lowers resistance to blood flow and **reduces blood pressure**.
*   **Improved Cholesterol Levels:** Studies show that dark chocolate can improve several important risk factors for heart disease. It may raise ""good"" HDL cholesterol and protect ""bad"" LDL cholesterol from oxidation.
*   **Brain Function:** The flavanols in dark chocolate can improve blood flow to the brain, which may enhance cognitive function, memory, and attention. It also contains small amounts of stimulants like caffeine and theobromine.
*   **Skin Protection:** The bioactive compounds in dark chocolate may protect against sun-induced damage, improve blood flow to the skin, and increase skin density and hydration.

---

### 2. What Makes ""Good"" Dark Chocolate?
Not all dark chocolate is created equal. To reap the health benefits, keep these rules in mind:

*   **Check the Percentage:** Look for chocolate that is **70% cocoa or higher**. Anything lower usually contains too much added sugar and fat.
*   **Read the Ingredients:** A good dark chocolate should have a short ingredient list. The first ingredient should be **chocolate liquor, cocoa mass, or cocoa beans**, followed by sugar and cocoa butter. 
*   **Avoid ""Alkalized"" (Dutch-processed) Chocolate:** This process washes the cocoa with an alkali solution to reduce bitterness, but it also destroys up to 60–90% of the beneficial flavanols.
*   **Watch out for additives:** Try to avoid bars with excessive artificial flavors, emulsifiers (like excessive soy lecithin), or hydrogenated oils.

---

### 3. Potential Downsides
While dark chocolate is healthy, moderation is key:

*   **High in Calories and Fat:** Dark chocolate is calorie-dense. Eating too much of it can lead to weight gain if it pushes you over your daily caloric limit.
*   **Sugar Content:** Even dark chocolate contains sugar. Sweeter dark chocolates (around 50–60%) can have almost as much sugar as milk chocolate.
*   **Caffeine and Stimulants:** Because it contains caffeine and theobromine, eating too much of it—especially late in the day—can cause jitters or sleep disturbances in sensitive individuals.
*   **Heavy Metals:** Some studies have found that certain dark chocolate brands contain trace amounts of heavy metals like lead and cadmium, absorbed from the soil. While occasional consumption is generally safe, it's another reason not to eat massive quantities daily.

---

### Summary: How Much Should You Eat?
Nutritionists generally recommend a ""sweet spot"" of **1 to 2 ounces (about 30 to 60 grams)** per day. This is roughly one small square or a few small squares of a high-percentage bar—enough to satisfy a craving and get the health benefits without overdoing the calories and sugar.","Provide a comprehensive overview of dark chocolate, including its health benefits, nutritional profile, how to choose high-quality bars, and the differences in cocoa percentage (e.g., 70% vs. 85%).","Dark chocolate is not only a delicious treat, but when consumed in moderation, it is also one of the more nutrient-dense and beneficial sweets available. Unlike milk chocolate, which is heavily diluted with dairy, sugar, and emulsifiers, dark chocolate retains the rich, unadulterated essence of the cacao bean. 

Here is a comprehensive guide to dark chocolate, covering its nutritional profile, health benefits, cocoa percentages, and how to select the highest-quality bars.

---

### 1. The Nutritional Profile of Dark Chocolate

The quality of dark chocolate depends heavily on its cocoa content. Assuming you are eating a high-quality bar (70%–85% cocoa) with minimal added sugar, a standard 1-ounce (28-gram) serving contains:

*   **Calories:** ~170
*   **Protein:** 2 grams
*   **Fat:** 12 grams (a mix of oleic acid, stearic acid, and palmitic acid)
*   **Carbohydrates:** 13 grams
*   **Fiber:** 3 grams (11% of the Recommended Daily Intake - RDI)
*   **Iron:** 19% of the RDI
*   **Copper:** 25% of the RDI
*   **Magnesium:** 16% of the RDI
*   **Manganese:** 22% of the RDI
*   **Zinc, Potassium, and Phosphorus:** Smaller percentages

It is also rich in **biologically active organic compounds** that function as antioxidants, including polyphenols, flavanols, and catechins.

---

### 2. Evidence-Based Health Benefits

Dark chocolate’s reputation as a ""superfood"" stems largely from its high concentration of **flavanols**, a type of flavonoid found in plants that has potent antioxidant and anti-inflammatory properties.

*   **Heart Health:** Flavanols stimulate the endothelium (the lining of arteries) to produce nitric oxide (NO). Nitric oxide sends signals to the arteries to relax, which lowers resistance to blood flow and thus reduces blood pressure. Studies also show that dark chocolate can improve the lipid profile by lowering ""bad"" LDL cholesterol and raising or protecting ""good"" HDL cholesterol.
*   **Brain Function:** Flavanols can cross the blood-brain barrier and accumulate in brain regions involved in learning and memory. Regular consumption has been shown to improve blood flow to the brain, enhance cognitive function in older adults, and boost short-term alertness and mood.
*   **Blood Sugar Regulation:** Despite its sweet taste, dark chocolate (especially high-cocoa varieties) has a low glycemic index. Some studies suggest that cocoa and flavanols can improve insulin sensitivity, helping the body utilize insulin more efficiently.
*   **Skin Protection:** The bioactive compounds in dark chocolate may also be great for your skin. The flavanols can protect against sun-induced damage, improve blood flow to the skin, and increase skin density and hydration.
*   **Mood Booster:** Dark chocolate stimulates the production of endorphins (which bring on feelings of pleasure) and contains small amounts of serotonin, a neurotransmitter that acts as an anti-depressant. It also contains **theobromine** and **caffeine**, which can gently boost energy and focus without the jitters associated with coffee.

---

### 3. Understanding Cocoa Percentages: 70% vs. 85% vs. 99%

The percentage listed on a dark chocolate bar (e.g., 70%, 85%) refers to the total weight of the chocolate that comes from the cacao bean (both cocoa solids and cocoa butter). The remainder of the bar is almost entirely sugar, with trace amounts of vanilla and emulsifiers like soy lecithin.

*   **70% Dark Chocolate:**
    *   *Taste:* Rich, slightly sweet, with fruity, nutty, or earthy notes. Very approachable for beginners.
    *   *Nutrition:* Higher in sugar (about 7–9 grams per ounce), but provides a generous amount of flavanols and a smoother mouthfeel due to more cocoa butter.
*   **85% Dark Chocolate:**
    *   *Taste:* Noticeably more bitter, less sweet, and deeply intense. 
    *   *Nutrition:* Lower in sugar, higher in fiber, iron, and magnesium. Contains a denser concentration of beneficial flavanols per ounce.
*   **90% to 100% Dark Chocolate:**
    *   *Taste:* Extremely bitter, chalky, or dry. Can be an acquired taste, often paired with coffee, wine, or fruit.
    *   *Nutrition:* Maximizes health benefits by nearly eliminating added sugar entirely, but high in calories from pure cocoa fat.

**Which should you choose?** 
If you are transitioning from milk chocolate, start at **70%**. Once your palate adjusts, moving up to **85%** is ideal for maximizing health benefits while reducing sugar intake. 

---

### 4. How to Choose High-Quality Dark Chocolate

Not all dark chocolate is created equal. Mass-market brands often process cocoa with alkali (the ""Dutch process""), which strips away the bitter taste—along with up to 60-90% of the beneficial flavanols. 

To ensure you are getting a quality product, look for these markers on the label:

1.  **Short Ingredient List:** The first ingredient should be **chocolate liquor, cocoa mass, or cacao**. Other acceptable ingredients include cocoa butter, sugar, vanilla, and lecithin (an emulsifier). Avoid bars where sugar is the first ingredient.
2.  **High Cocoa Percentage:** Look for **70% or higher**. 
3.  **Avoid ""Processed with Alkali"":** Check the ingredient list. If it says ""alkalized cocoa"" or ""Dutch processed,"" the flavanol content has been severely diminished.
4.  **Check the Fat Source:** High-quality chocolate uses *only* cocoa butter as its fat source. Avoid cheaper bars that substitute cocoa butter with palm oil, coconut oil, or vegetable fats (often labeled as ""compound chocolate"").
5.  **Ethical Sourcing (Fair Trade / Direct Trade):** The cocoa industry has well-documented issues with child labor and deforestation. Look for certifications like Fair Trade Certified, Rainforest Alliance, or Certified B Corporation to ensure ethical production.

---

### Summary and Consumption Tips

While dark chocolate is healthy, it is **calorie-dense**. Eating an entire large bar in one sitting will introduce too much sugar and saturated fat, counteracting the health benefits. 

*   **Recommended Portion:** **1 to 2 ounces (approx. 30–60 grams) per day**. 
*   **Best Pairing:** Enjoy a square with a cup of green tea or black coffee, as the caffeine and extra antioxidants complement the health properties of the chocolate."
2026-10-02 23:44:40,"abt milk
","Here is a general breakdown of milk, covering the types, benefits, alternatives, and things to consider. If you have a specific question (like nutrition, lactose intolerance, or baking), let me know!

### 1. Dairy Milk Types (by fat content)
Dairy milk (usually from cows) comes in several varieties based on how much fat is removed:
*   **Whole Milk:** Contains about 3.25% fat. It’s the creamiest and retains all its natural calories and fats.
*   **2% (Reduced Fat):** Contains 2% fat. A popular middle-ground for taste and calorie control.
*   **1% (Low Fat):** Contains 1% fat.
*   **Skim (Non-Fat):** Contains virtually no fat (less than 0.5%), but still contains the protein, vitamins, and minerals of whole milk.

### 2. Nutritional Benefits of Dairy Milk
Milk is often called a ""nutrient powerhouse"" because one glass provides:
*   **Calcium & Vitamin D:** Essential for strong bones and teeth.
*   **Protein:** Contains all nine essential amino acids, making it a ""complete"" protein for muscle repair and growth.
*   **B Vitamins:** Especially B12 and riboflavin, which help with energy production and brain function.
*   **Potassium:** Helps regulate blood pressure.

### 3. Plant-Based / Non-Dairy Milks
If you are lactose intolerant, vegan, or just prefer the taste, there are many plant-based alternatives:
*   **Almond Milk:** Low in calories, but also low in protein. Nutty flavor.
*   **Oat Milk:** Naturally sweet, creamy, and great in coffee. Higher in carbs.
*   **Soy Milk:** The closest nutritional match to cow's milk in terms of protein content.
*   **Coconut Milk:** Rich and creamy, high in saturated fats.
*   **Pea Milk:** Made from yellow split peas; surprisingly high in protein and calcium.

### 4. Common Issues with Milk
*   **Lactose Intolerance:** Many people lack the enzyme (lactase) needed to break down the sugar in milk (lactose), leading to bloating, gas, or stomach cramps. (Lactose-free dairy milk is widely available).
*   **Allergies:** A true milk allergy is an immune system reaction to the *protein* in milk (casein or whey), which is different from lactose intolerance.
*   **Environmental Impact:** Dairy farming has a higher carbon footprint and water usage compared to most plant-based milks (though almond milk also uses a lot of water).

***

**Are you looking for something specific about milk?** For example:
*   *Which milk is best for weight loss or muscle building?*
*   *How long does milk last after the expiration date?*
*   *Which plant milk froths best for lattes?*",,
